{
	"pages": [ 
		{
			"path": "pages/index/index",
			"style": {
				"navigationBarTitleText": "首页"
			}
		},
		{
			"path": "pages/category/category",
			"style": {
				"navigationBarTitleText": "分类"
			}
		},
		{
			"path": "pages/cart/cart",
			"style": {
				"navigationBarTitleText": "购物车"
			}
		},
		{
			"path": "pages/user/user",
			"style": {
				"navigationBarTitleText": "我的"
			}
		},
		{
			"path": "pages/list/list",
			"style": {
				"navigationBarTitleText": "列表",
				"enablePullDownRefresh" : true
			}
		},
		{
			"path": "pages/detail/detail",
			"style": {
				"navigationBarTitleText": "详情页"
			
			}
		},
		{
			"path": "pages/pay/pay",
			"style": {
				"navigationBarTitleText": "支付"
				
			}
		},
		{
			"path": "pages/auth/auth",
			"style": {
				"navigationBarTitleText": "授权"
				
			}
		},
		{
			"path": "pages/order/order",
			"style": {
				"navigationBarTitleText": "订单"
				
			}
		}
	],
	"globalStyle": {
		"navigationBarTextStyle": "white",
		"navigationBarTitleText": "优购",
		"navigationBarBackgroundColor": "#ff2d4a"
	},
	"tabBar" : {
		"selectedColor":"#ff2d4a",
		"list":[
			{
				"pagePath":"pages/index/index",
				"text":"首页",
				"iconPath":"./static/images/icon-home.png",
				"selectedIconPath":"./static/images/icon-home-active.png"
			},
			{
				"pagePath":"pages/category/category",
				"text":"分类",
				"iconPath":"./static/images/icon-category.png",
				"selectedIconPath":"./static/images/icon-category-active.png"
			},
			{
				"pagePath":"pages/cart/cart",
				"text":"购物车",
				"iconPath":"./static/images/icon-cart.png",
				"selectedIconPath":"./static/images/icon-cart-active.png"
			},
			{
				"pagePath":"pages/user/user",
				"text":"我的",
				"iconPath":"./static/images/icon-user.png",
				"selectedIconPath":"./static/images/icon-user-active.png"
			}
		]
	}
}
